epoch,rank_1,rank_2,rank_3,rank_4,rank_5,rank_6,rank_7,rank_8,rank_9,rank_10
epoch_1,Model-10|1.2836,Model-05|1.2844,Model-03|1.3572,Model-01|1.3577,Model-02|1.3694,Model-07|1.3787,Model-04|1.3788,Model-08|1.4058,Model-06|1.4174,Model-09|1.4696
epoch_2,Model-03|1.1956,Model-06|1.2944,Model-08|1.2954,Model-07|1.3119,Model-05|1.3129,Model-01|1.3218,Model-04|1.3272,Model-02|1.3367,Model-09|1.3715,Model-10|1.3778
epoch_3,Model-10|1.1741,Model-03|1.1752,Model-05|1.2501,Model-04|1.2568,Model-01|1.2594,Model-02|1.2646,Model-08|1.2876,Model-06|1.3042,Model-07|1.3214,Model-09|1.3383
epoch_4,Model-04|1.1501,Model-03|1.1786,Model-08|1.1899,Model-06|1.1996,Model-10|1.2001,Model-02|1.2196,Model-05|1.2323,Model-01|1.2376,Model-07|1.2495,Model-09|1.3443
epoch_5,Model-07|1.1195,Model-10|1.1336,Model-03|1.1348,Model-04|1.1605,Model-08|1.1753,Model-02|1.1884,Model-06|1.2003,Model-05|1.2027,Model-01|1.2533,Model-09|1.2723
epoch_6,Model-10|1.0616,Model-03|1.0790,Model-07|1.0997,Model-06|1.1200,Model-04|1.1326,Model-08|1.1380,Model-05|1.1661,Model-02|1.2060,Model-01|1.2089,Model-09|1.2603
epoch_7,Model-07|1.0186,Model-10|1.0543,Model-03|1.0862,Model-08|1.1135,Model-06|1.1344,Model-04|1.1542,Model-02|1.1878,Model-09|1.2101,Model-01|1.2263,Model-05|1.2337
epoch_8,Model-10|0.9918,Model-07|1.0500,Model-08|1.0528,Model-03|1.0810,Model-02|1.1206,Model-06|1.1403,Model-05|1.1527,Model-09|1.1894,Model-01|1.2014,Model-04|1.2086
epoch_9,Model-10|1.0087,Model-03|1.0216,Model-07|1.0624,Model-06|1.0861,Model-08|1.1022,Model-02|1.1072,Model-05|1.1107,Model-09|1.1602,Model-04|1.1603,Model-01|1.2014
epoch_10,Model-06|1.0345,Model-07|1.0388,Model-10|1.0624,Model-05|1.0844,Model-04|1.1021,Model-03|1.1227,Model-02|1.1385,Model-01|1.1515,Model-08|1.1618,Model-09|1.1893
epoch_11,Model-10|0.9927,Model-07|1.0110,Model-08|1.0630,Model-03|1.0878,Model-06|1.0896,Model-02|1.1206,Model-04|1.1373,Model-05|1.1465,Model-01|1.1611,Model-09|1.1657
epoch_12,Model-10|1.0008,Model-03|1.0086,Model-07|1.0481,Model-04|1.0644,Model-06|1.0697,Model-08|1.0867,Model-09|1.1012,Model-02|1.1220,Model-05|1.1359,Model-01|1.1548
epoch_13,Model-08|0.9880,Model-10|0.9986,Model-07|1.0078,Model-06|1.0520,Model-03|1.0640,Model-05|1.0796,Model-09|1.1134,Model-02|1.1224,Model-01|1.1362,Model-04|1.1499
epoch_14,Model-10|0.9466,Model-07|1.0068,Model-08|1.0099,Model-09|1.0694,Model-03|1.0715,Model-06|1.0732,Model-05|1.0735,Model-02|1.0798,Model-01|1.1116,Model-04|1.1167
epoch_15,Model-08|0.9979,Model-07|1.0444,Model-03|1.0556,Model-06|1.0572,Model-09|1.0836,Model-05|1.1094,Model-02|1.1127,Model-01|1.1327,Model-04|1.1414,Model-10|1.1537
epoch_16,Model-10|0.9841,Model-08|0.9861,Model-03|0.9882,Model-07|1.0197,Model-06|1.0505,Model-05|1.0710,Model-01|1.0750,Model-09|1.0818,Model-02|1.0973,Model-04|1.1434
epoch_17,Model-10|0.9635,Model-03|0.9743,Model-07|1.0018,Model-08|1.0157,Model-09|1.0495,Model-06|1.0772,Model-05|1.0839,Model-01|1.1088,Model-02|1.1161,Model-04|1.1789
epoch_18,Model-10|0.9829,Model-03|1.0133,Model-08|1.0190,Model-06|1.0377,Model-07|1.0476,Model-09|1.0702,Model-04|1.0739,Model-02|1.0880,Model-05|1.1102,Model-01|1.1138
epoch_19,Model-10|0.9663,Model-03|0.9986,Model-07|1.0294,Model-08|1.0327,Model-06|1.0350,Model-05|1.0380,Model-09|1.0410,Model-01|1.1015,Model-02|1.1041,Model-04|1.1125
epoch_20,Model-07|0.9629,Model-03|0.9829,Model-08|1.0122,Model-10|1.0299,Model-05|1.0318,Model-09|1.0327,Model-06|1.0345,Model-02|1.0434,Model-04|1.0704,Model-01|1.1597
epoch_21,Model-03|0.9741,Model-07|0.9795,Model-10|0.9878,Model-06|0.9894,Model-02|1.0311,Model-08|1.0317,Model-05|1.0350,Model-01|1.0585,Model-09|1.0605,Model-04|1.1344
epoch_22,Model-03|0.9416,Model-10|1.0004,Model-08|1.0184,Model-06|1.0297,Model-09|1.0549,Model-02|1.0551,Model-07|1.0566,Model-05|1.0827,Model-01|1.0917,Model-04|1.1248
epoch_23,Model-07|0.9582,Model-10|0.9681,Model-03|0.9994,Model-05|1.0107,Model-06|1.0295,Model-09|1.0610,Model-01|1.0675,Model-02|1.0836,Model-04|1.1024,Model-08|1.1396
epoch_24,Model-05|1.0072,Model-08|1.0124,Model-03|1.0136,Model-07|1.0216,Model-10|1.0225,Model-09|1.0277,Model-02|1.0864,Model-01|1.0926,Model-06|1.1016,Model-04|1.1583
epoch_25,Model-10|0.9169,Model-03|0.9754,Model-05|0.9779,Model-07|0.9993,Model-01|1.0390,Model-08|1.0566,Model-06|1.0686,Model-02|1.0860,Model-09|1.0877,Model-04|1.1383
epoch_26,Model-07|0.9692,Model-08|0.9938,Model-03|0.9939,Model-06|0.9958,Model-10|1.0023,Model-05|1.0133,Model-09|1.0155,Model-01|1.0481,Model-02|1.0658,Model-04|1.1066
epoch_27,Model-10|0.9001,Model-03|0.9586,Model-06|1.0065,Model-08|1.0137,Model-07|1.0169,Model-02|1.0271,Model-05|1.0351,Model-01|1.0427,Model-09|1.0475,Model-04|1.1427
epoch_28,Model-07|0.9129,Model-08|0.9818,Model-10|0.9907,Model-09|1.0079,Model-05|1.0091,Model-01|1.0256,Model-02|1.0474,Model-03|1.0533,Model-06|1.0537,Model-04|1.1849
epoch_29,Model-10|0.9113,Model-07|0.9164,Model-05|0.9704,Model-06|0.9824,Model-09|1.0122,Model-03|1.0283,Model-01|1.0430,Model-08|1.0542,Model-02|1.0846,Model-04|1.1348
epoch_30,Model-10|0.9121,Model-08|0.9799,Model-09|0.9841,Model-05|1.0122,Model-06|1.0151,Model-03|1.0156,Model-07|1.0502,Model-02|1.0707,Model-04|1.0722,Model-01|1.0989
epoch_31,Model-03|0.9031,Model-07|0.9071,Model-10|0.9605,Model-05|0.9842,Model-06|0.9925,Model-02|1.0216,Model-08|1.0228,Model-09|1.0361,Model-01|1.0836,Model-04|1.1270
epoch_32,Model-07|0.9328,Model-06|0.9682,Model-08|0.9849,Model-05|0.9963,Model-09|1.0097,Model-10|1.0274,Model-03|1.0430,Model-02|1.0455,Model-01|1.0470,Model-04|1.1730
epoch_33,Model-07|0.9024,Model-03|0.9324,Model-10|0.9629,Model-02|1.0117,Model-06|1.0252,Model-05|1.0628,Model-09|1.0658,Model-01|1.0839,Model-08|1.0926,Model-04|1.1005
epoch_34,Model-10|0.9205,Model-03|0.9696,Model-06|0.9995,Model-07|1.0029,Model-05|1.0110,Model-09|1.0129,Model-08|1.0486,Model-02|1.1001,Model-01|1.1087,Model-04|1.1297
epoch_35,Model-07|0.8992,Model-03|0.9463,Model-10|0.9590,Model-05|0.9660,Model-09|1.0209,Model-04|1.0438,Model-01|1.0482,Model-06|1.0521,Model-02|1.0791,Model-08|1.1513
epoch_36,Model-03|0.9052,Model-07|0.9409,Model-10|0.9594,Model-06|0.9615,Model-09|1.0123,Model-05|1.0145,Model-02|1.0402,Model-01|1.0570,Model-04|1.1026,Model-08|1.1081
epoch_37,Model-03|0.9313,Model-10|0.9478,Model-07|0.9523,Model-09|0.9943,Model-05|1.0049,Model-06|1.0082,Model-08|1.0308,Model-02|1.0530,Model-01|1.0641,Model-04|1.0972
epoch_38,Model-07|0.8836,Model-10|0.9103,Model-06|0.9506,Model-03|0.9641,Model-09|0.9943,Model-05|1.0207,Model-02|1.0632,Model-08|1.0730,Model-04|1.0825,Model-01|1.1289
epoch_39,Model-07|0.8915,Model-10|0.9080,Model-03|0.9807,Model-08|0.9884,Model-05|1.0014,Model-09|1.0509,Model-02|1.1059,Model-06|1.1091,Model-01|1.1350,Model-04|1.1629
epoch_40,Model-07|0.9332,Model-10|0.9626,Model-08|0.9770,Model-03|0.9852,Model-06|1.0029,Model-05|1.0034,Model-09|1.0048,Model-02|1.0460,Model-01|1.0620,Model-04|1.1375
epoch_41,Model-10|0.8713,Model-03|0.9490,Model-07|0.9728,Model-06|0.9811,Model-09|0.9944,Model-05|1.0016,Model-08|1.0301,Model-02|1.0642,Model-01|1.0975,Model-04|1.1155
epoch_42,Model-10|0.9298,Model-06|0.9657,Model-07|0.9748,Model-08|0.9758,Model-05|1.0538,Model-01|1.0591,Model-09|1.0715,Model-02|1.0728,Model-03|1.0967,Model-04|1.1745
epoch_43,Model-10|0.8729,Model-06|0.9275,Model-03|0.9657,Model-05|0.9960,Model-01|1.0075,Model-09|1.0137,Model-07|1.0155,Model-02|1.0632,Model-04|1.0936,Model-08|1.1132
epoch_44,Model-07|0.9146,Model-03|0.9511,Model-10|0.9660,Model-09|0.9769,Model-06|1.0085,Model-05|1.0160,Model-08|1.0227,Model-01|1.0457,Model-02|1.0913,Model-04|1.1430
epoch_45,Model-07|0.9157,Model-06|0.9377,Model-08|0.9592,Model-10|0.9727,Model-03|0.9791,Model-09|0.9871,Model-05|1.0048,Model-01|1.0155,Model-02|1.0268,Model-04|1.1009
epoch_46,Model-10|0.9108,Model-03|0.9142,Model-07|0.9258,Model-06|0.9416,Model-08|0.9799,Model-05|1.0220,Model-02|1.0317,Model-09|1.0424,Model-04|1.0954,Model-01|1.1198
epoch_47,Model-03|0.8910,Model-07|0.9184,Model-10|0.9399,Model-08|0.9644,Model-09|1.0253,Model-04|1.0561,Model-01|1.0625,Model-02|1.0783,Model-05|1.0868,Model-06|1.1331
epoch_48,Model-10|0.8941,Model-07|0.9434,Model-05|0.9700,Model-08|0.9733,Model-03|1.0220,Model-09|1.0244,Model-01|1.0481,Model-06|1.0619,Model-02|1.1116,Model-04|1.1286
epoch_49,Model-10|0.8602,Model-08|0.9739,Model-03|1.0123,Model-06|1.0314,Model-04|1.0452,Model-02|1.0551,Model-05|1.0778,Model-07|1.0813,Model-09|1.1364,Model-01|1.1737
epoch_50,Model-10|0.9089,Model-03|0.9330,Model-06|0.9600,Model-07|0.9809,Model-09|1.0220,Model-01|1.0233,Model-05|1.0391,Model-04|1.0588,Model-02|1.0793,Model-08|1.0919
epoch_51,Model-10|0.8807,Model-03|0.9590,Model-09|1.0154,Model-08|1.0315,Model-01|-,Model-02|-,Model-04|-,Model-05|-,Model-06|-,Model-07|-
epoch_52,Model-10|0.9020,Model-03|0.9566,Model-08|0.9896,Model-01|-,Model-02|-,Model-04|-,Model-05|-,Model-06|-,Model-07|-,Model-09|-
epoch_53,Model-10|0.9001,Model-03|0.9435,Model-01|-,Model-02|-,Model-04|-,Model-05|-,Model-06|-,Model-07|-,Model-08|-,Model-09|-
epoch_54,Model-10|0.9348,Model-03|0.9578,Model-01|-,Model-02|-,Model-04|-,Model-05|-,Model-06|-,Model-07|-,Model-08|-,Model-09|-
epoch_55,Model-10|0.9967,Model-01|-,Model-02|-,Model-03|-,Model-04|-,Model-05|-,Model-06|-,Model-07|-,Model-08|-,Model-09|-
epoch_56,Model-10|0.9142,Model-01|-,Model-02|-,Model-03|-,Model-04|-,Model-05|-,Model-06|-,Model-07|-,Model-08|-,Model-09|-
